filename,label
apple_healthy_107.png,healthy
apple_healthy_110.png,healthy
apple_healthy_129.png,healthy
apple_healthy_132.png,healthy
apple_healthy_138_HorizontalFlip_RandomRotate90_RandomBrightnessContrast_RGBShift_ColorJitter_RandomSnow_OpticalDistortion.png,healthy
apple_healthy_14.png,healthy
apple_healthy_143.png,healthy
apple_healthy_148_HorizontalFlip_RandomBrightnessContrast_RGBShift_GridDistortion.png,healthy
apple_healthy_155_HorizontalFlip_HueSaturationValue_RandomFog.png,healthy
apple_healthy_159_VerticalFlip_CLAHE_RandomShadow_ElasticTransform.png,healthy
apple_healthy_162_HorizontalFlip_VerticalFlip_RandomBrightnessContrast_CLAHE_RandomSnow_GridDistortion.png,healthy
apple_healthy_171_HorizontalFlip_RandomBrightnessContrast_RGBShift_MotionBlur_RandomFog.png,healthy
apple_healthy_185.png,healthy
apple_healthy_202.png,healthy
apple_healthy_215.png,healthy
apple_healthy_227_HueSaturationValue_GridDistortion_OpticalDistortion.png,healthy
apple_healthy_229.png,healthy
apple_healthy_25_Transpose_GaussNoise_MotionBlur_ColorJitter_RandomFog.png,healthy
apple_healthy_30_RGBShift_RandomRain_GridDistortion.png,healthy
apple_healthy_4.png,healthy
apple_healthy_43.png,healthy
apple_healthy_52.png,healthy
apple_healthy_56.png,healthy
apple_healthy_5_RandomBrightnessContrast_CLAHE_RandomRain_GridDistortion.png,healthy
apple_healthy_66.png,healthy
apple_healthy_67_HueSaturationValue_RGBShift.png,healthy
apple_healthy_68_VerticalFlip_Transpose_MotionBlur_CLAHE_RandomRain_RandomSnow_ElasticTransform_OpticalDistortion.png,healthy
apple_healthy_71_HorizontalFlip_VerticalFlip_HueSaturationValue_CLAHE.png,healthy
apple_healthy_74_RGBShift_GaussNoise.png,healthy
apple_healthy_86_VerticalFlip_Transpose_RandomGamma.png,healthy
apple_rot_0.png,diseased
apple_rot_17_RandomRotate90_Transpose_RGBShift_RandomSnow.png,diseased
apple_rot_18_VerticalFlip.png,diseased
apple_rot_19.png,diseased
apple_rot_22.png,diseased
apple_rot_22_HorizontalFlip_GaussNoise_RandomShadow.png,diseased
apple_rot_24.png,diseased
apple_rot_25.png,diseased
apple_rot_3.png,diseased
apple_rot_31.png,diseased
apple_rot_34_HorizontalFlip_Transpose_MotionBlur_ColorJitter_OpticalDistortion.png,diseased
apple_rot_36.png,diseased
apple_rot_37_RandomBrightnessContrast_RandomGamma_RandomRain_GridDistortion_ElasticTransform_OpticalDistortion.png,diseased
apple_rot_38_HorizontalFlip_RGBShift_RandomGamma_Blur_CLAHE_RandomFog.png,diseased
apple_rot_41_HorizontalFlip_RandomRain_RandomSnow.png,diseased
apple_rot_42_HorizontalFlip_RandomRain_RandomSnow.png,diseased
apple_rot_49_Transpose_RandomBrightnessContrast_GaussNoise.png,diseased
apple_rot_50_HorizontalFlip_VerticalFlip_RandomFog.png,diseased
apple_rot_51_HorizontalFlip_GaussNoise_MedianBlur_Blur_GridDistortion.png,diseased
apple_rot_58.png,diseased
apple_rot_59_MotionBlur_RandomSnow_ElasticTransform.png,diseased
apple_rot_61.png,diseased
apple_rot_65.png,diseased
apple_rot_66.png,diseased
apple_rot_67.png,diseased
apple_rot_67_VerticalFlip_RandomGamma_GaussNoise.png,diseased
apple_rot_68_RandomShadow_RandomFog_OpticalDistortion.png,diseased
apple_rot_69.png,diseased
apple_rot_71.png,diseased
apple_rot_71_RandomBrightnessContrast_RGBShift_GaussNoise_ColorJitter_RandomShadow_ElasticTransform.png,diseased
apple_rust_0.png,diseased
apple_rust_0_HorizontalFlip_RandomBrightnessContrast_RGBShift_RandomFog_ElasticTransform.png,diseased
apple_rust_11.png,diseased
apple_rust_15.png,diseased
apple_rust_15_VerticalFlip_HueSaturationValue_GaussNoise_CLAHE.png,diseased
apple_rust_17_VerticalFlip_RGBShift_GaussNoise_MotionBlur.png,diseased
apple_rust_18.png,diseased
apple_rust_19.png,diseased
apple_rust_22_HorizontalFlip_VerticalFlip_Transpose_MotionBlur_CLAHE.png,diseased
apple_rust_25_RandomRotate90_RandomBrightnessContrast_RandomGamma_GaussNoise_MotionBlur_CLAHE.png,diseased
apple_rust_29.png,diseased
apple_rust_29_Transpose_RandomGamma_CLAHE_RandomShadow_OpticalDistortion.png,diseased
apple_rust_3.png,diseased
apple_rust_32.png,diseased
apple_rust_36_HorizontalFlip_VerticalFlip_CLAHE.png,diseased
apple_rust_39_Original.png,diseased
apple_rust_40_VerticalFlip_RandomRotate90_RandomGamma_MotionBlur_Blur_RandomRain_GridDistortion.png,diseased
apple_rust_43.png,diseased
apple_rust_47.png,diseased
apple_rust_49.png,diseased
apple_rust_51_VerticalFlip_RandomRotate90_RandomBrightnessContrast_GaussNoise_OpticalDistortion.png,diseased
apple_rust_53.png,diseased
apple_rust_54.png,diseased
apple_rust_55_RandomRotate90_Transpose_MedianBlur.png,diseased
apple_rust_56_HueSaturationValue_RGBShift.png,diseased
apple_rust_57_RandomBrightnessContrast_HueSaturationValue_RandomGamma_GaussNoise_RandomFog.png,diseased
apple_rust_59_RandomGamma_OpticalDistortion.png,diseased
apple_rust_6.png,diseased
apple_rust_60_HorizontalFlip_RandomRotate90_GaussNoise_RandomRain_RandomSnow_RandomShadow.png,diseased
apple_rust_8.png,diseased
apple_scab_0_RandomRotate90_Transpose_HueSaturationValue_RandomSnow.png,diseased
apple_scab_16.png,diseased
apple_scab_16_RGBShift_RandomGamma_RandomRain_GridDistortion_ElasticTransform.png,diseased
apple_scab_19.png,diseased
apple_scab_22.png,diseased
apple_scab_23_HorizontalFlip_Transpose_GridDistortion_ElasticTransform_OpticalDistortion.png,diseased
apple_scab_31_RandomRotate90_MedianBlur.png,diseased
apple_scab_33.png,diseased
apple_scab_33_HorizontalFlip_RandomRotate90_RandomBrightnessContrast_HueSaturationValue_GaussNoise_CLAHE.png,diseased
apple_scab_34_HorizontalFlip_RandomFog.png,diseased
apple_scab_35.png,diseased
apple_scab_36_VerticalFlip_RandomRotate90_RGBShift_CLAHE_RandomRain_RandomSnow.png,diseased
apple_scab_38.png,diseased
apple_scab_39.png,diseased
apple_scab_3_VerticalFlip_RandomRotate90_Transpose_GaussNoise_MotionBlur_ColorJitter_RandomFog_ElasticTransform_OpticalDistortion.png,diseased
apple_scab_41.png,diseased
apple_scab_45_HorizontalFlip_Transpose_RandomGamma.png,diseased
apple_scab_47_VerticalFlip_Transpose_HueSaturationValue_RGBShift_MotionBlur_Blur_RandomFog_ElasticTransform.png,diseased
apple_scab_49.png,diseased
apple_scab_51.png,diseased
apple_scab_59.png,diseased
apple_scab_59_HorizontalFlip_Transpose_ElasticTransform_OpticalDistortion.png,diseased
apple_scab_63.png,diseased
apple_scab_63_HorizontalFlip_RandomRotate90_HueSaturationValue_MotionBlur_RandomRain_RandomShadow.png,diseased
apple_scab_64_HorizontalFlip_VerticalFlip_RandomFog.png,diseased
apple_scab_69.png,diseased
apple_scab_73_Transpose_CLAHE_RandomShadow_OpticalDistortion.png,diseased
apple_scab_78_HueSaturationValue_CLAHE_RandomRain_RandomShadow_GridDistortion.png,diseased
apple_scab_79.png,diseased
apple_scab_9.png,diseased
bell_bacterial_13.png,diseased
bell_bacterial_15.png,diseased
bell_bacterial_16_VerticalFlip_HueSaturationValue_RandomSnow_RandomShadow_ElasticTransform_OpticalDistortion.png,diseased
bell_bacterial_17.png,diseased
bell_bacterial_18_HorizontalFlip_RandomRotate90_RandomGamma_Blur_RandomFog.png,diseased
bell_bacterial_21.png,diseased
bell_bacterial_26_RandomRotate90_Transpose_RGBShift_MotionBlur_ColorJitter_RandomSnow_ElasticTransform.png,diseased
bell_bacterial_27.png,diseased
bell_bacterial_3.png,diseased
bell_bacterial_32.png,diseased
bell_bacterial_37_RandomRotate90_HueSaturationValue_RandomGamma_CLAHE_ColorJitter_RandomShadow_GridDistortion.png,diseased
bell_bacterial_39_Blur_CLAHE_RandomSnow_OpticalDistortion.png,diseased
bell_bacterial_42_ColorJitter_RandomRain.png,diseased
bell_bacterial_43_HorizontalFlip_GaussNoise_RandomSnow.png,diseased
bell_bacterial_48.png,diseased
bell_bacterial_48_VerticalFlip_Transpose_MotionBlur_RandomFog_OpticalDistortion.png,diseased
bell_bacterial_52.png,diseased
bell_bacterial_54_Transpose_ColorJitter_RandomRain_RandomFog_ElasticTransform.png,diseased
bell_bacterial_55.png,diseased
bell_bacterial_58_Transpose_RandomShadow.png,diseased
bell_bacterial_59_VerticalFlip_RandomBrightnessContrast_RandomGamma_MotionBlur.png,diseased
bell_bacterial_61_VerticalFlip_Transpose_HueSaturationValue_ColorJitter_RandomRain.png,diseased
bell_bacterial_62.png,diseased
bell_bacterial_63.png,diseased
bell_bacterial_63_VerticalFlip_HueSaturationValue_RandomSnow_RandomFog_ElasticTransform_OpticalDistortion.png,diseased
bell_bacterial_67.png,diseased
bell_bacterial_67_HueSaturationValue_RandomRain_RandomSnow_RandomShadow.png,diseased
bell_bacterial_68.png,diseased
bell_bacterial_70_RandomRotate90_RGBShift.png,diseased
bell_bacterial_73.png,diseased
bell_healthy_1.png,healthy
bell_healthy_10_RGBShift_MotionBlur_Blur.png,healthy
bell_healthy_11.png,healthy
bell_healthy_15_RandomBrightnessContrast_RandomGamma_Blur_RandomShadow.png,healthy
bell_healthy_17_HorizontalFlip_Transpose_RGBShift_MedianBlur_ColorJitter_RandomSnow_RandomShadow_RandomFog_ElasticTransform.png,healthy
bell_healthy_1_HorizontalFlip_HueSaturationValue_ColorJitter_RandomFog_OpticalDistortion.png,healthy
bell_healthy_2.png,healthy
bell_healthy_22_HorizontalFlip_Transpose_GaussNoise_Blur_RandomRain.png,healthy
bell_healthy_23_HorizontalFlip_RandomRotate90_Transpose_MotionBlur_RandomFog_OpticalDistortion.png,healthy
bell_healthy_24.png,healthy
bell_healthy_27.png,healthy
bell_healthy_30.png,healthy
bell_healthy_35_HorizontalFlip_VerticalFlip_RandomSnow_RandomFog_GridDistortion_ElasticTransform.png,healthy
bell_healthy_39.png,healthy
bell_healthy_43.png,healthy
bell_healthy_44_HorizontalFlip_CLAHE_RandomShadow.png,healthy
bell_healthy_45.png,healthy
bell_healthy_48.png,healthy
bell_healthy_49.png,healthy
bell_healthy_4_RandomRotate90_HueSaturationValue.png,healthy
bell_healthy_55_HorizontalFlip_RandomRotate90_HueSaturationValue_MedianBlur_RandomSnow_OpticalDistortion.png,healthy
bell_healthy_56_RGBShift_MedianBlur_OpticalDistortion.png,healthy
bell_healthy_58.png,healthy
bell_healthy_62.png,healthy
bell_healthy_64_HueSaturationValue_MotionBlur_CLAHE_RandomRain_RandomFog.png,healthy
bell_healthy_69_VerticalFlip_GaussNoise_Blur_RandomShadow_ElasticTransform_OpticalDistortion.png,healthy
bell_healthy_72_RandomBrightnessContrast_HueSaturationValue_Blur_RandomRain_GridDistortion_ElasticTransform.png,healthy
bell_healthy_75.png,healthy
bell_healthy_75_HorizontalFlip_HueSaturationValue_RandomShadow_ElasticTransform.png,healthy
bell_healthy_8.png,healthy
blueberry_healthy_10.png,healthy
blueberry_healthy_17.png,healthy
blueberry_healthy_19.png,healthy
blueberry_healthy_20.png,healthy
blueberry_healthy_20_HueSaturationValue_MedianBlur.png,healthy
blueberry_healthy_22.png,healthy
blueberry_healthy_24.png,healthy
blueberry_healthy_26_VerticalFlip_HueSaturationValue_MotionBlur_MedianBlur_RandomShadow_RandomFog.png,healthy
blueberry_healthy_28_HorizontalFlip_GaussNoise_GridDistortion.png,healthy
blueberry_healthy_3.png,healthy
blueberry_healthy_30.png,healthy
blueberry_healthy_31.png,healthy
blueberry_healthy_32.png,healthy
blueberry_healthy_34.png,healthy
blueberry_healthy_35_HorizontalFlip_Transpose_HueSaturationValue_RGBShift_MotionBlur_MedianBlur_ColorJitter_ElasticTransform.png,healthy
blueberry_healthy_38_RandomRain_RandomSnow_RandomFog.png,healthy
blueberry_healthy_4.png,healthy
blueberry_healthy_41_VerticalFlip_HueSaturationValue_GaussNoise_RandomRain_RandomShadow.png,healthy
blueberry_healthy_42.png,healthy
blueberry_healthy_43_Transpose_RandomFog_ElasticTransform.png,healthy
blueberry_healthy_44_CLAHE_ColorJitter_RandomFog_GridDistortion.png,healthy
blueberry_healthy_49_HorizontalFlip_RandomRotate90_Transpose_RandomGamma_MedianBlur_RandomRain_GridDistortion.png,healthy
blueberry_healthy_51_VerticalFlip_Transpose_RandomBrightnessContrast_MotionBlur.png,healthy
blueberry_healthy_53.png,healthy
blueberry_healthy_55_VerticalFlip_RandomGamma_RandomRain_RandomFog_GridDistortion.png,healthy
blueberry_healthy_57_RandomGamma_MotionBlur_Blur_RandomSnow.png,healthy
blueberry_healthy_59_MedianBlur_RandomRain.png,healthy
blueberry_healthy_64_Transpose_RGBShift_RandomGamma_GaussNoise_MedianBlur_RandomRain_RandomShadow.png,healthy
blueberry_healthy_6_GaussNoise_RandomFog.png,healthy
blueberry_healthy_7.png,healthy
cherry_healthy_1.png,healthy
cherry_healthy_10.png,healthy
cherry_healthy_10_HorizontalFlip_RandomBrightnessContrast_HueSaturationValue_RandomRain_GridDistortion_ElasticTransform_OpticalDistortion.png,healthy
cherry_healthy_14_GaussNoise.png,healthy
cherry_healthy_16_HorizontalFlip_Transpose_MotionBlur.png,healthy
cherry_healthy_18.png,healthy
cherry_healthy_20.png,healthy
cherry_healthy_20_RandomRotate90_RGBShift_RandomFog_ElasticTransform.png,healthy
cherry_healthy_2_Transpose_RGBShift_MotionBlur_RandomRain_RandomShadow.png,healthy
cherry_healthy_30.png,healthy
cherry_healthy_35_RandomBrightnessContrast_ElasticTransform.png,healthy
cherry_healthy_36_HorizontalFlip_RandomRotate90_MotionBlur_Blur_RandomSnow_GridDistortion.png,healthy
cherry_healthy_37.png,healthy
cherry_healthy_38_RandomRotate90_GaussNoise_MotionBlur_Blur_ColorJitter.png,healthy
cherry_healthy_4.png,healthy
cherry_healthy_40.png,healthy
cherry_healthy_40_VerticalFlip_RGBShift_RandomGamma_RandomFog_OpticalDistortion.png,healthy
cherry_healthy_41.png,healthy
cherry_healthy_41_Transpose_RGBShift_RandomGamma_CLAHE_RandomFog_GridDistortion.png,healthy
cherry_healthy_42.png,healthy
cherry_healthy_49_Transpose_GaussNoise_RandomRain_RandomSnow.png,healthy
cherry_healthy_4_HorizontalFlip_RandomRotate90_Transpose_GaussNoise_MotionBlur_CLAHE_RandomRain_ElasticTransform.png,healthy
cherry_healthy_59.png,healthy
cherry_healthy_6.png,healthy
cherry_healthy_60.png,healthy
cherry_healthy_62_HorizontalFlip_Transpose_MedianBlur_RandomSnow_RandomShadow_ElasticTransform.png,healthy
cherry_healthy_63.png,healthy
cherry_healthy_66_RandomFog.png,healthy
cherry_healthy_69.png,healthy
cherry_healthy_8_Transpose_RandomBrightnessContrast_OpticalDistortion.png,healthy
cherry_mildew_10.png,diseased
cherry_mildew_10_HueSaturationValue_CLAHE_ColorJitter_RandomSnow_RandomShadow_RandomFog.png,diseased
cherry_mildew_11.png,diseased
cherry_mildew_14.png,diseased
cherry_mildew_15.png,diseased
cherry_mildew_16_Transpose_ElasticTransform.png,diseased
cherry_mildew_19.png,diseased
cherry_mildew_19_RGBShift_RandomGamma_RandomRain_RandomFog_GridDistortion_ElasticTransform.png,diseased
cherry_mildew_2.png,diseased
cherry_mildew_20.png,diseased
cherry_mildew_21_HorizontalFlip_CLAHE_ColorJitter_RandomSnow.png,diseased
cherry_mildew_23_RandomRotate90_GaussNoise_RandomRain_RandomSnow_RandomShadow.png,diseased
cherry_mildew_24_RandomBrightnessContrast_MotionBlur_RandomFog.png,diseased
cherry_mildew_26.png,diseased
cherry_mildew_27_VerticalFlip_GaussNoise_RandomFog_GridDistortion.png,diseased
cherry_mildew_28.png,diseased
cherry_mildew_28_VerticalFlip_RandomBrightnessContrast.png,diseased
cherry_mildew_2_MotionBlur_ColorJitter_GridDistortion.png,diseased
cherry_mildew_30.png,diseased
cherry_mildew_31.png,diseased
cherry_mildew_32_VerticalFlip_ColorJitter_OpticalDistortion.png,diseased
cherry_mildew_34_RandomRotate90_RandomBrightnessContrast_RGBShift_MotionBlur_Blur_RandomShadow_RandomFog.png,diseased
cherry_mildew_37_HorizontalFlip_MotionBlur_RandomFog_ElasticTransform.png,diseased
cherry_mildew_40_VerticalFlip_RandomRotate90_RGBShift_RandomGamma_ColorJitter_RandomRain_ElasticTransform.png,diseased
cherry_mildew_44_Transpose_GridDistortion_ElasticTransform_OpticalDistortion.png,diseased
cherry_mildew_46.png,diseased
cherry_mildew_5.png,diseased
cherry_mildew_6_HorizontalFlip_RGBShift_MotionBlur_ColorJitter_RandomRain_RandomShadow.png,diseased
cherry_mildew_8.png,diseased
cherry_mildew_9.png,diseased
grape_blight_12_HorizontalFlip_RandomBrightnessContrast_MedianBlur_RandomFog_OpticalDistortion.png,diseased
grape_blight_13.png,diseased
grape_blight_13_VerticalFlip_RandomRotate90_RandomRain_RandomSnow.png,diseased
grape_blight_16.png,diseased
grape_blight_25.png,diseased
grape_blight_26_HueSaturationValue_GaussNoise.png,diseased
grape_blight_27.png,diseased
grape_blight_28_HorizontalFlip_RGBShift.png,diseased
grape_blight_29.png,diseased
grape_blight_29_VerticalFlip_CLAHE_ColorJitter_RandomRain_GridDistortion_ElasticTransform.png,diseased
grape_blight_31_HorizontalFlip_RandomRotate90_Transpose_RandomBrightnessContrast_RandomSnow.png,diseased
grape_blight_33.png,diseased
grape_blight_38.png,diseased
grape_blight_40.png,diseased
grape_blight_44_Original.png,diseased
grape_blight_46.png,diseased
grape_blight_46_GridDistortion_ElasticTransform.png,diseased
grape_blight_49_RandomRotate90_GaussNoise_GridDistortion_ElasticTransform.png,diseased
grape_blight_52_VerticalFlip_HueSaturationValue_GaussNoise_MedianBlur_RandomRain_GridDistortion.png,diseased
grape_blight_53_HorizontalFlip_Transpose_RandomFog_GridDistortion_ElasticTransform.png,diseased
grape_blight_5_ColorJitter_ElasticTransform.png,diseased
grape_blight_6.png,diseased
grape_blight_61.png,diseased
grape_blight_62.png,diseased
grape_blight_65.png,diseased
grape_blight_65_RandomBrightnessContrast_RandomGamma_CLAHE.png,diseased
grape_blight_67_RandomBrightnessContrast_GridDistortion_OpticalDistortion.png,diseased
grape_blight_7.png,diseased
grape_blight_9.png,diseased
grape_blight_9_RandomGamma_GaussNoise.png,diseased
grape_healthy_10.png,healthy
grape_healthy_13_GaussNoise_RandomRain_GridDistortion.png,healthy
grape_healthy_15.png,healthy
grape_healthy_15_RandomGamma_RandomShadow.png,healthy
grape_healthy_16_HorizontalFlip_VerticalFlip_Transpose_CLAHE_RandomShadow.png,healthy
grape_healthy_17.png,healthy
grape_healthy_19_HorizontalFlip_VerticalFlip_RandomRotate90_GaussNoise_CLAHE.png,healthy
grape_healthy_22_HorizontalFlip_VerticalFlip_RandomGamma_MedianBlur_ColorJitter_RandomSnow_RandomFog_ElasticTransform.png,healthy
grape_healthy_25_GaussNoise_OpticalDistortion.png,healthy
grape_healthy_27.png,healthy
grape_healthy_28.png,healthy
grape_healthy_29.png,healthy
grape_healthy_30_RandomRotate90_Transpose_RandomSnow_GridDistortion_OpticalDistortion.png,healthy
grape_healthy_32.png,healthy
grape_healthy_32_VerticalFlip_RandomRotate90_RandomRain.png,healthy
grape_healthy_35_HorizontalFlip_RandomGamma_MotionBlur_MedianBlur.png,healthy
grape_healthy_36_HorizontalFlip_VerticalFlip_RandomRotate90_RGBShift_ColorJitter_GridDistortion.png,healthy
grape_healthy_38.png,healthy
grape_healthy_4.png,healthy
grape_healthy_42.png,healthy
grape_healthy_42_MedianBlur_CLAHE_RandomFog.png,healthy
grape_healthy_43.png,healthy
grape_healthy_44.png,healthy
grape_healthy_45.png,healthy
grape_healthy_46.png,healthy
grape_healthy_48_RandomRotate90_Transpose_RandomRain.png,healthy
grape_healthy_4_VerticalFlip_Transpose_CLAHE_ColorJitter_RandomSnow_RandomShadow.png,healthy
grape_healthy_5_RandomBrightnessContrast_RandomGamma_RandomSnow.png,healthy
grape_healthy_7_HorizontalFlip_Transpose_RandomBrightnessContrast_Blur.png,healthy
grape_healthy_9.png,healthy
grape_measles_0.png,diseased
grape_measles_14_CLAHE_GridDistortion_ElasticTransform.png,diseased
grape_measles_15.png,diseased
grape_measles_20_MedianBlur_Blur.png,diseased
grape_measles_25.png,diseased
grape_measles_25_Transpose_RandomBrightnessContrast_RandomRain_RandomShadow.png,diseased
grape_measles_26.png,diseased
grape_measles_26_RandomRotate90_HueSaturationValue_RGBShift_MedianBlur_ColorJitter_RandomFog.png,diseased
grape_measles_27_HorizontalFlip_VerticalFlip_GaussNoise_RandomFog_OpticalDistortion.png,diseased
grape_measles_28_HorizontalFlip_VerticalFlip_RandomRotate90_RandomBrightnessContrast_RandomGamma_CLAHE_RandomSnow_RandomShadow_OpticalDistortion.png,diseased
grape_measles_30_MotionBlur_ColorJitter_GridDistortion.png,diseased
grape_measles_34_HueSaturationValue_GaussNoise_RandomRain.png,diseased
grape_measles_35.png,diseased
grape_measles_37_HorizontalFlip_VerticalFlip_RandomRotate90_RandomBrightnessContrast_RGBShift_RandomGamma_CLAHE.png,diseased
grape_measles_38.png,diseased
grape_measles_44_RGBShift_RandomShadow_GridDistortion.png,diseased
grape_measles_45.png,diseased
grape_measles_46_VerticalFlip_GaussNoise_MotionBlur_GridDistortion_ElasticTransform_OpticalDistortion.png,diseased
grape_measles_47.png,diseased
grape_measles_47_Transpose_RandomBrightnessContrast_HueSaturationValue_GridDistortion.png,diseased
grape_measles_48.png,diseased
grape_measles_5.png,diseased
grape_measles_50_RandomRotate90_OpticalDistortion.png,diseased
grape_measles_54.png,diseased
grape_measles_56.png,diseased
grape_measles_58.png,diseased
grape_measles_60.png,diseased
grape_measles_65_RandomGamma_RandomFog.png,diseased
grape_measles_70_GaussNoise_MedianBlur_RandomSnow_RandomFog.png,diseased
grape_measles_9.png,diseased
grape_rot_1.png,diseased
grape_rot_12.png,diseased
grape_rot_12_Transpose_HueSaturationValue_RGBShift_MotionBlur_CLAHE_ColorJitter_RandomSnow_RandomShadow_OpticalDistortion.png,diseased
grape_rot_13.png,diseased
grape_rot_14.png,diseased
grape_rot_20.png,diseased
grape_rot_22.png,diseased
grape_rot_24.png,diseased
grape_rot_25.png,diseased
grape_rot_3.png,diseased
grape_rot_34_HorizontalFlip_Transpose_RGBShift_MotionBlur_RandomFog_GridDistortion_OpticalDistortion.png,diseased
grape_rot_38_HorizontalFlip_RandomRotate90_RGBShift_OpticalDistortion.png,diseased
grape_rot_4.png,diseased
grape_rot_40_VerticalFlip_GaussNoise_RandomRain_RandomShadow_GridDistortion.png,diseased
grape_rot_41_VerticalFlip_RandomRotate90_MotionBlur.png,diseased
grape_rot_42_HorizontalFlip_RandomFog_ElasticTransform.png,diseased
grape_rot_43_VerticalFlip_MotionBlur_ColorJitter_RandomSnow_GridDistortion.png,diseased
grape_rot_45_HorizontalFlip_RandomRotate90_Blur_RandomSnow_GridDistortion.png,diseased
grape_rot_51_RandomRotate90_HueSaturationValue.png,diseased
grape_rot_52.png,diseased
grape_rot_53.png,diseased
grape_rot_53_RandomRotate90_Transpose_RandomSnow_RandomShadow_ElasticTransform.png,diseased
grape_rot_57_CLAHE_RandomShadow.png,diseased
grape_rot_59_HorizontalFlip_RandomBrightnessContrast_HueSaturationValue_MotionBlur_RandomSnow_GridDistortion_ElasticTransform_OpticalDistortion.png,diseased
grape_rot_5_RandomGamma_GaussNoise_MedianBlur_CLAHE_GridDistortion_ElasticTransform_OpticalDistortion.png,diseased
grape_rot_6.png,diseased
grape_rot_61_HorizontalFlip_Transpose_RGBShift_GaussNoise_RandomFog_GridDistortion_ElasticTransform.png,diseased
grape_rot_6_RGBShift.png,diseased
grape_rot_8.png,diseased
grape_rot_9.png,diseased
peach_bacterial_0_Transpose_GaussNoise_ColorJitter_RandomRain.png,diseased
peach_bacterial_10.png,diseased
peach_bacterial_13.png,diseased
peach_bacterial_14_RandomGamma_GaussNoise_ColorJitter_RandomRain_RandomSnow_GridDistortion_ElasticTransform.png,diseased
peach_bacterial_15.png,diseased
peach_bacterial_17.png,diseased
peach_bacterial_1_VerticalFlip_RandomRotate90_HueSaturationValue_GaussNoise_CLAHE.png,diseased
peach_bacterial_21.png,diseased
peach_bacterial_22_RGBShift_CLAHE.png,diseased
peach_bacterial_24.png,diseased
peach_bacterial_28_HorizontalFlip_Transpose_MotionBlur_ColorJitter_ElasticTransform_OpticalDistortion.png,diseased
peach_bacterial_2_HorizontalFlip_RandomBrightnessContrast_MotionBlur_RandomFog.png,diseased
peach_bacterial_31.png,diseased
peach_bacterial_32.png,diseased
peach_bacterial_34.png,diseased
peach_bacterial_35.png,diseased
peach_bacterial_37.png,diseased
peach_bacterial_41.png,diseased
peach_bacterial_47_HorizontalFlip_MedianBlur_RandomShadow_ElasticTransform.png,diseased
peach_bacterial_49.png,diseased
peach_bacterial_4_VerticalFlip_MotionBlur.png,diseased
peach_bacterial_51.png,diseased
peach_bacterial_54_HorizontalFlip_VerticalFlip_RandomBrightnessContrast_HueSaturationValue_RGBShift_RandomRain.png,diseased
peach_bacterial_55_RandomRotate90_RandomSnow_RandomShadow.png,diseased
peach_bacterial_59_HorizontalFlip_RandomRotate90_Transpose_RandomBrightnessContrast_HueSaturationValue_MotionBlur_ElasticTransform.png,diseased
peach_bacterial_6.png,diseased
peach_bacterial_60_RandomRotate90_RandomSnow_ElasticTransform.png,diseased
peach_bacterial_65_HorizontalFlip_VerticalFlip_MotionBlur_RandomShadow_GridDistortion.png,diseased
peach_bacterial_66_Transpose_RandomGamma_MedianBlur_CLAHE.png,diseased
peach_bacterial_8_VerticalFlip_MedianBlur_GridDistortion.png,diseased
peach_healthy_0_Transpose_RandomGamma_GaussNoise_CLAHE_RandomShadow_ElasticTransform.png,healthy
peach_healthy_10.png,healthy
peach_healthy_12.png,healthy
peach_healthy_13.png,healthy
peach_healthy_14.png,healthy
peach_healthy_20.png,healthy
peach_healthy_22_VerticalFlip_RandomBrightnessContrast_MotionBlur_Blur.png,healthy
peach_healthy_25.png,healthy
peach_healthy_26.png,healthy
peach_healthy_27.png,healthy
peach_healthy_27_HorizontalFlip_HueSaturationValue_RGBShift_RandomGamma_Blur_RandomRain_RandomShadow_OpticalDistortion.png,healthy
peach_healthy_28.png,healthy
peach_healthy_29.png,healthy
peach_healthy_29_RandomRotate90_Transpose_RandomBrightnessContrast_RGBShift_RandomGamma_GaussNoise_MotionBlur_CLAHE.png,healthy
peach_healthy_30_Transpose_RandomGamma_MotionBlur_Blur_RandomSnow.png,healthy
peach_healthy_31.png,healthy
peach_healthy_31_VerticalFlip_RGBShift_GaussNoise_Blur_CLAHE_GridDistortion.png,healthy
peach_healthy_32.png,healthy
peach_healthy_34_HorizontalFlip_VerticalFlip_RandomRotate90_RandomBrightnessContrast_MotionBlur.png,healthy
peach_healthy_36.png,healthy
peach_healthy_37_HorizontalFlip_MotionBlur_RandomRain.png,healthy
peach_healthy_39.png,healthy
peach_healthy_3_RandomRotate90_Transpose_GaussNoise_RandomShadow_GridDistortion.png,healthy
peach_healthy_42_Transpose_GaussNoise_MotionBlur_ColorJitter_RandomShadow_OpticalDistortion.png,healthy
peach_healthy_44_VerticalFlip_RandomGamma_MotionBlur_MedianBlur_ColorJitter_RandomSnow_GridDistortion.png,healthy
peach_healthy_47.png,healthy
peach_healthy_47_OpticalDistortion.png,healthy
peach_healthy_50_VerticalFlip_Transpose_RandomBrightnessContrast_RGBShift_GaussNoise_RandomRain.png,healthy
peach_healthy_53_RandomSnow_RandomShadow.png,healthy
peach_healthy_5_HorizontalFlip_Transpose_RGBShift_MotionBlur_RandomFog_GridDistortion.png,healthy
potato_early_0_VerticalFlip_RandomGamma_Blur_RandomSnow_ElasticTransform.png,diseased
potato_early_12_Transpose_RandomGamma_ColorJitter_RandomRain_OpticalDistortion.png,diseased
potato_early_14.png,diseased
potato_early_1_RGBShift_RandomRain_RandomFog.png,diseased
potato_early_20.png,diseased
potato_early_20_VerticalFlip_RGBShift_RandomGamma_MedianBlur.png,diseased
potato_early_21_CLAHE.png,diseased
potato_early_32.png,diseased
potato_early_33.png,diseased
potato_early_37_VerticalFlip_GaussNoise_MedianBlur_RandomRain.png,diseased
potato_early_38.png,diseased
potato_early_39.png,diseased
potato_early_39_VerticalFlip_RandomBrightnessContrast_RGBShift_MedianBlur_RandomRain_OpticalDistortion.png,diseased
potato_early_41.png,diseased
potato_early_46.png,diseased
potato_early_48.png,diseased
potato_early_5.png,diseased
potato_early_53_VerticalFlip_Transpose_MedianBlur_OpticalDistortion.png,diseased
potato_early_55_RandomBrightnessContrast_GaussNoise_ColorJitter_RandomShadow_OpticalDistortion.png,diseased
potato_early_58_Transpose_HueSaturationValue_RGBShift_MedianBlur_ColorJitter_ElasticTransform.png,diseased
potato_early_6.png,diseased
potato_early_61_MotionBlur_CLAHE_ColorJitter_OpticalDistortion.png,diseased
potato_early_62.png,diseased
potato_early_63_GaussNoise_ColorJitter.png,diseased
potato_early_66.png,diseased
potato_early_70_HorizontalFlip_RandomRotate90.png,diseased
potato_early_8.png,diseased
potato_early_8_OpticalDistortion.png,diseased
potato_early_9.png,diseased
potato_early_9_VerticalFlip_RGBShift_ElasticTransform_OpticalDistortion.png,diseased
potato_healthy_11.png,healthy
potato_healthy_12.png,healthy
potato_healthy_14_HorizontalFlip_Transpose_CLAHE.png,healthy
potato_healthy_16_ColorJitter.png,healthy
potato_healthy_20.png,healthy
potato_healthy_23_Transpose_GaussNoise_CLAHE_RandomShadow_OpticalDistortion.png,healthy
potato_healthy_24.png,healthy
potato_healthy_26.png,healthy
potato_healthy_27.png,healthy
potato_healthy_29_HorizontalFlip_Transpose_RandomSnow_RandomShadow_OpticalDistortion.png,healthy
potato_healthy_2_HorizontalFlip_Transpose_RGBShift_RandomGamma_MotionBlur_CLAHE_ColorJitter_RandomRain_RandomSnow.png,healthy
potato_healthy_35.png,healthy
potato_healthy_35_HorizontalFlip_MotionBlur_ColorJitter.png,healthy
potato_healthy_40_Transpose_GaussNoise_CLAHE_RandomSnow.png,healthy
potato_healthy_43.png,healthy
potato_healthy_43_RandomRotate90_RandomBrightnessContrast_ColorJitter_ElasticTransform.png,healthy
potato_healthy_45.png,healthy
potato_healthy_47.png,healthy
potato_healthy_49.png,healthy
potato_healthy_49_Transpose_RandomBrightnessContrast_HueSaturationValue_RandomShadow.png,healthy
potato_healthy_50_HorizontalFlip_VerticalFlip_CLAHE_RandomRain_RandomShadow.png,healthy
potato_healthy_51.png,healthy
potato_healthy_54.png,healthy
potato_healthy_57.png,healthy
potato_healthy_58.png,healthy
potato_healthy_60_RGBShift_MotionBlur_MedianBlur_RandomSnow.png,healthy
potato_healthy_62_HorizontalFlip_Transpose_HueSaturationValue.png,healthy
potato_healthy_65_RandomBrightnessContrast_CLAHE_RandomSnow.png,healthy
potato_healthy_69_HorizontalFlip_RandomRotate90.png,healthy
potato_healthy_7_VerticalFlip_RandomBrightnessContrast_RandomGamma.png,healthy
potato_late_0.png,diseased
potato_late_1.png,diseased
potato_late_11_VerticalFlip_RandomRotate90_Transpose_RandomFog.png,diseased
potato_late_18_RandomBrightnessContrast_RGBShift_ColorJitter.png,diseased
potato_late_20.png,diseased
potato_late_22.png,diseased
potato_late_22_HorizontalFlip_RandomGamma_Blur_CLAHE_RandomSnow.png,diseased
potato_late_23_VerticalFlip_Transpose_RGBShift_RandomGamma_ColorJitter_RandomRain_RandomShadow.png,diseased
potato_late_25.png,diseased
potato_late_25_HorizontalFlip_VerticalFlip_RandomBrightnessContrast_HueSaturationValue_ColorJitter_RandomSnow.png,diseased
potato_late_27_VerticalFlip_RandomBrightnessContrast_RandomShadow_OpticalDistortion.png,diseased
potato_late_29.png,diseased
potato_late_29_HorizontalFlip_RandomShadow.png,diseased
potato_late_2_HueSaturationValue_GaussNoise_ColorJitter.png,diseased
potato_late_3.png,diseased
potato_late_31_Transpose_RandomRain.png,diseased
potato_late_32_Transpose.png,diseased
potato_late_41.png,diseased
potato_late_42_Transpose_RGBShift_GaussNoise_MotionBlur_RandomFog.png,diseased
potato_late_46.png,diseased
potato_late_47.png,diseased
potato_late_47_Transpose_RandomBrightnessContrast_RGBShift_GaussNoise.png,diseased
potato_late_50_VerticalFlip_RandomRotate90_HueSaturationValue_RGBShift_CLAHE.png,diseased
potato_late_55.png,diseased
potato_late_56.png,diseased
potato_late_60.png,diseased
potato_late_61.png,diseased
potato_late_63_HorizontalFlip_RandomBrightnessContrast_RGBShift_RandomRain_ElasticTransform_OpticalDistortion.png,diseased
potato_late_7_HorizontalFlip_VerticalFlip_RandomShadow.png,diseased
potato_late_9.png,diseased
raspberry_healthy_0_VerticalFlip_CLAHE_RandomSnow_RandomFog_OpticalDistortion.png,healthy
raspberry_healthy_12_HueSaturationValue_RandomFog.png,healthy
raspberry_healthy_13.png,healthy
raspberry_healthy_13_RGBShift_GaussNoise_MedianBlur_CLAHE_GridDistortion.png,healthy
raspberry_healthy_17.png,healthy
raspberry_healthy_18_HueSaturationValue_RandomGamma_MotionBlur_ColorJitter_ElasticTransform_OpticalDistortion.png,healthy
raspberry_healthy_1_HorizontalFlip_VerticalFlip_RGBShift_GaussNoise_Blur_OpticalDistortion.png,healthy
raspberry_healthy_23_HorizontalFlip_HueSaturationValue_RandomGamma_OpticalDistortion.png,healthy
raspberry_healthy_24.png,healthy
raspberry_healthy_25.png,healthy
raspberry_healthy_25_HorizontalFlip_HueSaturationValue_RGBShift_RandomSnow_ElasticTransform.png,healthy
raspberry_healthy_28.png,healthy
raspberry_healthy_32.png,healthy
raspberry_healthy_33_RandomRotate90_RandomBrightnessContrast_ColorJitter_RandomShadow_OpticalDistortion.png,healthy
raspberry_healthy_36.png,healthy
raspberry_healthy_37.png,healthy
raspberry_healthy_37_VerticalFlip_Transpose_HueSaturationValue_OpticalDistortion.png,healthy
raspberry_healthy_38.png,healthy
raspberry_healthy_38_Blur_ElasticTransform_OpticalDistortion.png,healthy
raspberry_healthy_39_Transpose_HueSaturationValue_CLAHE.png,healthy
raspberry_healthy_3_HueSaturationValue_RGBShift_MotionBlur_ElasticTransform_OpticalDistortion.png,healthy
raspberry_healthy_4.png,healthy
raspberry_healthy_40.png,healthy
raspberry_healthy_42.png,healthy
raspberry_healthy_43.png,healthy
raspberry_healthy_44.png,healthy
raspberry_healthy_45_VerticalFlip_RandomRotate90_MotionBlur_RandomFog.png,healthy
raspberry_healthy_48.png,healthy
raspberry_healthy_52_VerticalFlip_Transpose_HueSaturationValue_RGBShift_RandomGamma_GaussNoise_MotionBlur_CLAHE_ColorJitter.png,healthy
raspberry_healthy_5_RandomGamma_CLAHE_GridDistortion_ElasticTransform_OpticalDistortion.png,healthy
soybean_healthy_0.png,healthy
soybean_healthy_0_Transpose_GridDistortion_OpticalDistortion.png,healthy
soybean_healthy_10_HueSaturationValue_RandomFog_ElasticTransform_OpticalDistortion.png,healthy
soybean_healthy_12_RGBShift_GaussNoise_CLAHE_GridDistortion.png,healthy
soybean_healthy_15_GaussNoise_ColorJitter_ElasticTransform.png,healthy
soybean_healthy_18.png,healthy
soybean_healthy_18_HorizontalFlip_VerticalFlip_HueSaturationValue_RandomRain.png,healthy
soybean_healthy_1_HorizontalFlip_VerticalFlip_Transpose_Blur_RandomRain_RandomSnow.png,healthy
soybean_healthy_20_RandomBrightnessContrast_HueSaturationValue_CLAHE_RandomSnow_GridDistortion_ElasticTransform.png,healthy
soybean_healthy_29.png,healthy
soybean_healthy_29_RandomRotate90_GaussNoise_MotionBlur_CLAHE_RandomShadow_GridDistortion.png,healthy
soybean_healthy_3.png,healthy
soybean_healthy_37.png,healthy
soybean_healthy_38_HorizontalFlip_Transpose_HueSaturationValue_RandomRain.png,healthy
soybean_healthy_46.png,healthy
soybean_healthy_46_Transpose_HueSaturationValue_GaussNoise_ColorJitter_RandomShadow_GridDistortion_OpticalDistortion.png,healthy
soybean_healthy_48.png,healthy
soybean_healthy_51_Transpose_GaussNoise_MotionBlur_MedianBlur_OpticalDistortion.png,healthy
soybean_healthy_56.png,healthy
soybean_healthy_58_HueSaturationValue_GaussNoise_ColorJitter_RandomRain_RandomFog.png,healthy
soybean_healthy_64.png,healthy
soybean_healthy_66_CLAHE_RandomRain_GridDistortion_OpticalDistortion.png,healthy
soybean_healthy_67.png,healthy
soybean_healthy_68_RGBShift_MedianBlur_Blur_RandomRain.png,healthy
soybean_healthy_69.png,healthy
soybean_healthy_72_RandomShadow_OpticalDistortion.png,healthy
soybean_healthy_74.png,healthy
soybean_healthy_75.png,healthy
soybean_healthy_77.png,healthy
soybean_healthy_8.png,healthy
squash_mildew_0_VerticalFlip_RandomSnow_RandomShadow_RandomFog_OpticalDistortion.png,diseased
squash_mildew_10.png,diseased
squash_mildew_12.png,diseased
squash_mildew_14_RGBShift.png,diseased
squash_mildew_2.png,diseased
squash_mildew_20.png,diseased
squash_mildew_21.png,diseased
squash_mildew_24_VerticalFlip_RandomBrightnessContrast_ElasticTransform.png,diseased
squash_mildew_26.png,diseased
squash_mildew_26_HorizontalFlip_RandomRotate90_RGBShift_GaussNoise_RandomSnow_GridDistortion.png,diseased
squash_mildew_29_HorizontalFlip_RandomRotate90_HueSaturationValue_GaussNoise_CLAHE_RandomRain_RandomShadow_ElasticTransform_OpticalDistortion.png,diseased
squash_mildew_30_HorizontalFlip_VerticalFlip.png,diseased
squash_mildew_33.png,diseased
squash_mildew_33_Blur.png,diseased
squash_mildew_34_RGBShift_RandomGamma_MotionBlur_RandomRain_RandomShadow_OpticalDistortion.png,diseased
squash_mildew_38.png,diseased
squash_mildew_38_RandomBrightnessContrast_MotionBlur_MedianBlur_Blur_ElasticTransform_OpticalDistortion.png,diseased
squash_mildew_39_HorizontalFlip_Transpose_MotionBlur_Blur_RandomFog_ElasticTransform.png,diseased
squash_mildew_42.png,diseased
squash_mildew_43_Original.png,diseased
squash_mildew_47.png,diseased
squash_mildew_48.png,diseased
squash_mildew_5.png,diseased
squash_mildew_50_HorizontalFlip_VerticalFlip_HueSaturationValue_Blur_ColorJitter_RandomFog_GridDistortion_ElasticTransform.png,diseased
squash_mildew_52.png,diseased
squash_mildew_54.png,diseased
squash_mildew_60.png,diseased
squash_mildew_60_VerticalFlip.png,diseased
squash_mildew_61_VerticalFlip_RandomRotate90_RandomGamma_MotionBlur_OpticalDistortion.png,diseased
squash_mildew_7_HorizontalFlip_VerticalFlip_Transpose_RGBShift_GaussNoise_MotionBlur_GridDistortion.png,diseased
strawberry_healthy_0.png,healthy
strawberry_healthy_0_HorizontalFlip_VerticalFlip_RandomGamma_ColorJitter_RandomRain_RandomShadow_GridDistortion.png,healthy
strawberry_healthy_13_HueSaturationValue_RandomGamma_RandomFog_OpticalDistortion.png,healthy
strawberry_healthy_15.png,healthy
strawberry_healthy_17.png,healthy
strawberry_healthy_18_RandomRotate90_Transpose_HueSaturationValue_GaussNoise_RandomRain_RandomSnow_RandomFog_GridDistortion.png,healthy
strawberry_healthy_19.png,healthy
strawberry_healthy_1_HorizontalFlip_HueSaturationValue_RandomRain_GridDistortion_ElasticTransform.png,healthy
strawberry_healthy_2.png,healthy
strawberry_healthy_20.png,healthy
strawberry_healthy_23_HorizontalFlip_RandomBrightnessContrast_RandomGamma_CLAHE_ColorJitter.png,healthy
strawberry_healthy_25.png,healthy
strawberry_healthy_28.png,healthy
strawberry_healthy_29.png,healthy
strawberry_healthy_29_HorizontalFlip_Transpose_RandomBrightnessContrast_HueSaturationValue_GaussNoise_RandomRain_OpticalDistortion.png,healthy
strawberry_healthy_38_HorizontalFlip_RandomBrightnessContrast_Blur_OpticalDistortion.png,healthy
strawberry_healthy_3_Transpose_ColorJitter_GridDistortion.png,healthy
strawberry_healthy_41.png,healthy
strawberry_healthy_43.png,healthy
strawberry_healthy_48.png,healthy
strawberry_healthy_49.png,healthy
strawberry_healthy_4_HorizontalFlip_VerticalFlip_RandomRain.png,healthy
strawberry_healthy_50_VerticalFlip_HueSaturationValue_MotionBlur_RandomFog_GridDistortion_OpticalDistortion.png,healthy
strawberry_healthy_52.png,healthy
strawberry_healthy_53.png,healthy
strawberry_healthy_54_HorizontalFlip_RandomRotate90_RandomFog_GridDistortion_ElasticTransform.png,healthy
strawberry_healthy_60_VerticalFlip_RandomBrightnessContrast_HueSaturationValue_GaussNoise_RandomRain_OpticalDistortion.png,healthy
strawberry_healthy_61_RandomBrightnessContrast_HueSaturationValue_RandomGamma_GaussNoise_Blur_RandomFog_GridDistortion_ElasticTransform.png,healthy
strawberry_healthy_8_GaussNoise_MotionBlur_GridDistortion.png,healthy
strawberry_healthy_9_MedianBlur.png,healthy
strawberry_scorch_0.png,diseased
strawberry_scorch_1.png,diseased
strawberry_scorch_10_RandomRain.png,diseased
strawberry_scorch_12_VerticalFlip_RandomShadow_GridDistortion_OpticalDistortion.png,diseased
strawberry_scorch_14_Transpose_HueSaturationValue_RandomGamma.png,diseased
strawberry_scorch_15_RandomRotate90_Transpose_RGBShift_RandomGamma_RandomRain_RandomShadow.png,diseased
strawberry_scorch_17.png,diseased
strawberry_scorch_18.png,diseased
strawberry_scorch_19_HorizontalFlip_VerticalFlip_RandomRotate90_RGBShift_GaussNoise_MotionBlur_ColorJitter_RandomShadow.png,diseased
strawberry_scorch_20.png,diseased
strawberry_scorch_23_RandomBrightnessContrast_HueSaturationValue_GridDistortion_ElasticTransform_OpticalDistortion.png,diseased
strawberry_scorch_24.png,diseased
strawberry_scorch_26.png,diseased
strawberry_scorch_28.png,diseased
strawberry_scorch_28_HorizontalFlip_VerticalFlip_Transpose_RandomFog_OpticalDistortion.png,diseased
strawberry_scorch_29.png,diseased
strawberry_scorch_29_VerticalFlip_RandomRotate90_RGBShift_RandomGamma_RandomRain_RandomSnow.png,diseased
strawberry_scorch_2_HorizontalFlip_RandomBrightnessContrast_HueSaturationValue_GaussNoise_CLAHE.png,diseased
strawberry_scorch_3.png,diseased
strawberry_scorch_31_RandomGamma_CLAHE_ElasticTransform_OpticalDistortion.png,diseased
strawberry_scorch_32_Transpose_RandomBrightnessContrast_MedianBlur.png,diseased
strawberry_scorch_33_HueSaturationValue_GaussNoise_ElasticTransform.png,diseased
strawberry_scorch_40_RandomRotate90_RandomBrightnessContrast_MotionBlur_RandomFog.png,diseased
strawberry_scorch_44.png,diseased
strawberry_scorch_46.png,diseased
strawberry_scorch_46_RandomRotate90_MotionBlur_RandomRain.png,diseased
strawberry_scorch_5.png,diseased
strawberry_scorch_6.png,diseased
strawberry_scorch_7_Transpose_RGBShift.png,diseased
strawberry_scorch_8.png,diseased
tomato_bacterial_11_VerticalFlip_RGBShift_RandomGamma_MotionBlur_CLAHE.png,diseased
tomato_bacterial_12_VerticalFlip_RGBShift.png,diseased
tomato_bacterial_14.png,diseased
tomato_bacterial_18_VerticalFlip_Transpose_RandomBrightnessContrast_RandomGamma_GaussNoise_RandomRain_RandomFog.png,diseased
tomato_bacterial_21.png,diseased
tomato_bacterial_22.png,diseased
tomato_bacterial_24.png,diseased
tomato_bacterial_24_VerticalFlip_Transpose_HueSaturationValue_RandomSnow.png,diseased
tomato_bacterial_25_RandomRotate90_Transpose_RGBShift_RandomGamma_RandomFog_GridDistortion.png,diseased
tomato_bacterial_26_HueSaturationValue_OpticalDistortion.png,diseased
tomato_bacterial_27_HorizontalFlip_RandomBrightnessContrast_RandomGamma_GaussNoise.png,diseased
tomato_bacterial_29.png,diseased
tomato_bacterial_29_HueSaturationValue_GaussNoise_RandomFog.png,diseased
tomato_bacterial_31_VerticalFlip_RandomRotate90_RandomGamma.png,diseased
tomato_bacterial_37.png,diseased
tomato_bacterial_39_RandomBrightnessContrast_HueSaturationValue.png,diseased
tomato_bacterial_42.png,diseased
tomato_bacterial_47.png,diseased
tomato_bacterial_48.png,diseased
tomato_bacterial_48_Transpose_RGBShift_RandomGamma_RandomRain_RandomShadow.png,diseased
tomato_bacterial_49_HorizontalFlip_Transpose.png,diseased
tomato_bacterial_50.png,diseased
tomato_bacterial_51.png,diseased
tomato_bacterial_54.png,diseased
tomato_bacterial_55.png,diseased
tomato_bacterial_5_MedianBlur_Blur_RandomSnow_RandomShadow_OpticalDistortion.png,diseased
tomato_bacterial_6.png,diseased
tomato_bacterial_62_VerticalFlip_GaussNoise_CLAHE_RandomSnow.png,diseased
tomato_bacterial_7.png,diseased
tomato_bacterial_9_VerticalFlip_RandomRotate90_Transpose_CLAHE_GridDistortion.png,diseased
tomato_curl_10_HorizontalFlip_RandomBrightnessContrast_MotionBlur_CLAHE_RandomRain_ElasticTransform.png,diseased
tomato_curl_11.png,diseased
tomato_curl_13_RandomGamma_ColorJitter_OpticalDistortion.png,diseased
tomato_curl_17.png,diseased
tomato_curl_18.png,diseased
tomato_curl_1_HorizontalFlip_Transpose_MedianBlur_RandomRain.png,diseased
tomato_curl_21_VerticalFlip_Transpose_HueSaturationValue.png,diseased
tomato_curl_22.png,diseased
tomato_curl_24.png,diseased
tomato_curl_27_Transpose_RGBShift_GridDistortion_ElasticTransform.png,diseased
tomato_curl_34.png,diseased
tomato_curl_34_VerticalFlip_RandomRotate90_RandomBrightnessContrast_CLAHE_ColorJitter_RandomRain_RandomShadow_RandomFog.png,diseased
tomato_curl_35.png,diseased
tomato_curl_36_VerticalFlip_MotionBlur_CLAHE_RandomShadow_GridDistortion_ElasticTransform.png,diseased
tomato_curl_3_VerticalFlip_HueSaturationValue.png,diseased
tomato_curl_41.png,diseased
tomato_curl_42.png,diseased
tomato_curl_44_RandomRotate90_Transpose_RandomFog.png,diseased
tomato_curl_46_VerticalFlip_RandomRain_RandomFog.png,diseased
tomato_curl_48.png,diseased
tomato_curl_53.png,diseased
tomato_curl_56.png,diseased
tomato_curl_61_HorizontalFlip_Transpose_RandomBrightnessContrast_RandomGamma_MotionBlur_RandomSnow_RandomShadow.png,diseased
tomato_curl_63.png,diseased
tomato_curl_63_HueSaturationValue.png,diseased
tomato_curl_64_CLAHE_RandomFog_ElasticTransform_OpticalDistortion.png,diseased
tomato_curl_68.png,diseased
tomato_curl_71.png,diseased
tomato_curl_72_HorizontalFlip_RandomRotate90_Transpose_RandomBrightnessContrast_RandomGamma_RandomShadow.png,diseased
tomato_curl_7_RandomBrightnessContrast_HueSaturationValue_Blur_CLAHE_RandomFog.png,diseased
tomato_early_0_HueSaturationValue_MotionBlur_CLAHE_ColorJitter.png,diseased
tomato_early_11_RandomSnow_RandomShadow.png,diseased
tomato_early_15.png,diseased
tomato_early_17.png,diseased
tomato_early_18_VerticalFlip_ColorJitter_RandomRain_RandomSnow_RandomShadow_GridDistortion.png,diseased
tomato_early_2.png,diseased
tomato_early_21.png,diseased
tomato_early_30.png,diseased
tomato_early_32_HorizontalFlip_VerticalFlip_HueSaturationValue_RandomShadow.png,diseased
tomato_early_33.png,diseased
tomato_early_37_HorizontalFlip_VerticalFlip_GaussNoise_RandomSnow.png,diseased
tomato_early_38.png,diseased
tomato_early_38_HorizontalFlip_VerticalFlip_RandomRotate90_RandomSnow_OpticalDistortion.png,diseased
tomato_early_39_GridDistortion.png,diseased
tomato_early_42.png,diseased
tomato_early_42_HorizontalFlip_VerticalFlip_RandomRotate90_HueSaturationValue_RGBShift_ColorJitter_RandomFog.png,diseased
tomato_early_44_HorizontalFlip_VerticalFlip_RandomBrightnessContrast_RandomGamma_GridDistortion_OpticalDistortion.png,diseased
tomato_early_45_MotionBlur_MedianBlur_ColorJitter_ElasticTransform.png,diseased
tomato_early_48.png,diseased
tomato_early_52.png,diseased
tomato_early_53.png,diseased
tomato_early_55.png,diseased
tomato_early_56.png,diseased
tomato_early_57_HorizontalFlip_HueSaturationValue_RandomGamma_GaussNoise_ColorJitter.png,diseased
tomato_early_61_RandomRotate90_Transpose_RGBShift_Blur_RandomRain.png,diseased
tomato_early_72.png,diseased
tomato_early_72_GridDistortion.png,diseased
tomato_early_73.png,diseased
tomato_early_73_VerticalFlip_RandomBrightnessContrast_RandomGamma_RandomRain_RandomSnow_GridDistortion_OpticalDistortion.png,diseased
tomato_early_78_RandomShadow_RandomFog.png,diseased
tomato_healthy_10_HorizontalFlip_Transpose_MedianBlur_RandomSnow_OpticalDistortion.png,healthy
tomato_healthy_11_ColorJitter_ElasticTransform_OpticalDistortion.png,healthy
tomato_healthy_14.png,healthy
tomato_healthy_17_HorizontalFlip_RandomRotate90_OpticalDistortion.png,healthy
tomato_healthy_1_HueSaturationValue_MotionBlur_RandomSnow.png,healthy
tomato_healthy_21.png,healthy
tomato_healthy_24.png,healthy
tomato_healthy_25_RandomRotate90_Transpose_CLAHE_RandomRain_RandomShadow.png,healthy
tomato_healthy_27_HorizontalFlip_VerticalFlip_RandomRotate90_RandomGamma_MotionBlur_RandomRain.png,healthy
tomato_healthy_29.png,healthy
tomato_healthy_32.png,healthy
tomato_healthy_33_HorizontalFlip_Transpose_HueSaturationValue_MedianBlur_RandomSnow_RandomShadow_OpticalDistortion.png,healthy
tomato_healthy_34_HorizontalFlip_MotionBlur_MedianBlur_RandomFog_ElasticTransform_OpticalDistortion.png,healthy
tomato_healthy_35_RandomGamma_GaussNoise_OpticalDistortion.png,healthy
tomato_healthy_36.png,healthy
tomato_healthy_37.png,healthy
tomato_healthy_44_ColorJitter_RandomShadow_ElasticTransform_OpticalDistortion.png,healthy
tomato_healthy_46.png,healthy
tomato_healthy_47_Transpose_RGBShift_GridDistortion.png,healthy
tomato_healthy_48.png,healthy
tomato_healthy_4_VerticalFlip_RandomRotate90_RandomBrightnessContrast_Blur_RandomRain_RandomFog.png,healthy
tomato_healthy_52.png,healthy
tomato_healthy_56.png,healthy
tomato_healthy_58_Original.png,healthy
tomato_healthy_6.png,healthy
tomato_healthy_60.png,healthy
tomato_healthy_63_HorizontalFlip_RandomBrightnessContrast_MotionBlur_Blur_CLAHE.png,healthy
tomato_healthy_65.png,healthy
tomato_healthy_66_Transpose_ColorJitter_RandomFog.png,healthy
tomato_healthy_69.png,healthy
tomato_late_1.png,diseased
tomato_late_15_RandomBrightnessContrast_HueSaturationValue_RandomRain_RandomShadow_GridDistortion_ElasticTransform.png,diseased
tomato_late_21.png,diseased
tomato_late_22_HorizontalFlip_VerticalFlip_Transpose_RandomSnow_RandomShadow_OpticalDistortion.png,diseased
tomato_late_24.png,diseased
tomato_late_25_HorizontalFlip_VerticalFlip_RGBShift_RandomGamma_GaussNoise.png,diseased
tomato_late_26_RandomBrightnessContrast_RGBShift_CLAHE_ColorJitter_RandomShadow.png,diseased
tomato_late_27_HueSaturationValue_RGBShift_MotionBlur_RandomFog.png,diseased
tomato_late_29.png,diseased
tomato_late_30_Transpose_GridDistortion_OpticalDistortion.png,diseased
tomato_late_33_RandomRain.png,diseased
tomato_late_36.png,diseased
tomato_late_48_OpticalDistortion.png,diseased
tomato_late_50.png,diseased
tomato_late_50_RGBShift_MedianBlur_CLAHE_RandomRain_RandomShadow_GridDistortion_OpticalDistortion.png,diseased
tomato_late_53.png,diseased
tomato_late_5_VerticalFlip_GaussNoise_ColorJitter_ElasticTransform.png,diseased
tomato_late_65.png,diseased
tomato_late_67.png,diseased
tomato_late_6_HorizontalFlip_VerticalFlip_GaussNoise_OpticalDistortion.png,diseased
tomato_late_7.png,diseased
tomato_late_70.png,diseased
tomato_late_71.png,diseased
tomato_late_73.png,diseased
tomato_late_73_MotionBlur_CLAHE.png,diseased
tomato_late_74_RandomGamma_RandomShadow_GridDistortion.png,diseased
tomato_late_75.png,diseased
tomato_late_77_GaussNoise_RandomSnow.png,diseased
tomato_late_78_VerticalFlip_HueSaturationValue_RandomSnow.png,diseased
tomato_late_8.png,diseased
tomato_mold_10_VerticalFlip_RandomRotate90_RandomSnow_RandomShadow_OpticalDistortion.png,diseased
tomato_mold_13.png,diseased
tomato_mold_13_HorizontalFlip_VerticalFlip_ColorJitter_OpticalDistortion.png,diseased
tomato_mold_15.png,diseased
tomato_mold_1_RandomRotate90_RGBShift_RandomGamma_RandomRain_RandomFog.png,diseased
tomato_mold_2.png,diseased
tomato_mold_20.png,diseased
tomato_mold_26.png,diseased
tomato_mold_26_VerticalFlip_RandomBrightnessContrast_RandomGamma_OpticalDistortion.png,diseased
tomato_mold_28_RandomBrightnessContrast_RGBShift_RandomGamma_CLAHE_ColorJitter_RandomShadow_ElasticTransform.png,diseased
tomato_mold_29_HorizontalFlip_RandomGamma_ColorJitter.png,diseased
tomato_mold_38.png,diseased
tomato_mold_39.png,diseased
tomato_mold_41.png,diseased
tomato_mold_41_HueSaturationValue_RGBShift_MotionBlur_RandomRain_RandomShadow_GridDistortion.png,diseased
tomato_mold_46.png,diseased
tomato_mold_5.png,diseased
tomato_mold_57_HorizontalFlip_Transpose_RandomSnow_GridDistortion.png,diseased
tomato_mold_59_VerticalFlip_MotionBlur_ColorJitter_ElasticTransform.png,diseased
tomato_mold_5_HorizontalFlip_ColorJitter_ElasticTransform.png,diseased
tomato_mold_60.png,diseased
tomato_mold_63_RandomGamma_RandomShadow.png,diseased
tomato_mold_64_VerticalFlip_HueSaturationValue_GridDistortion.png,diseased
tomato_mold_66_HorizontalFlip_VerticalFlip_RandomBrightnessContrast_HueSaturationValue_GridDistortion_OpticalDistortion.png,diseased
tomato_mold_70.png,diseased
tomato_mold_71.png,diseased
tomato_mold_71_RandomRotate90_RandomBrightnessContrast_RandomRain_GridDistortion.png,diseased
tomato_mold_74.png,diseased
tomato_mold_75.png,diseased
tomato_mold_9_Transpose_MotionBlur_Blur_RandomSnow_RandomFog.png,diseased
tomato_mosaic_13.png,diseased
tomato_mosaic_14_HorizontalFlip_RandomBrightnessContrast_ColorJitter.png,diseased
tomato_mosaic_15.png,diseased
tomato_mosaic_17_Transpose_RandomBrightnessContrast_CLAHE_RandomRain_GridDistortion.png,diseased
tomato_mosaic_1_HorizontalFlip_RandomRotate90_Transpose_GaussNoise_MotionBlur_RandomShadow_OpticalDistortion.png,diseased
tomato_mosaic_21.png,diseased
tomato_mosaic_22.png,diseased
tomato_mosaic_23.png,diseased
tomato_mosaic_23_RandomBrightnessContrast_MotionBlur_RandomSnow_RandomShadow.png,diseased
tomato_mosaic_25.png,diseased
tomato_mosaic_26_Transpose_RGBShift_RandomGamma_MotionBlur_CLAHE_ElasticTransform.png,diseased
tomato_mosaic_29_VerticalFlip_Transpose_RandomGamma.png,diseased
tomato_mosaic_2_Transpose_HueSaturationValue_GaussNoise_MotionBlur_ElasticTransform.png,diseased
tomato_mosaic_3.png,diseased
tomato_mosaic_33.png,diseased
tomato_mosaic_37.png,diseased
tomato_mosaic_38.png,diseased
tomato_mosaic_4.png,diseased
tomato_mosaic_41.png,diseased
tomato_mosaic_42_HorizontalFlip_Transpose_GaussNoise_RandomRain_RandomFog_OpticalDistortion.png,diseased
tomato_mosaic_43.png,diseased
tomato_mosaic_44_VerticalFlip_Transpose_RandomBrightnessContrast_ColorJitter_RandomRain_RandomFog.png,diseased
tomato_mosaic_45_VerticalFlip_Transpose_GaussNoise_RandomShadow_OpticalDistortion.png,diseased
tomato_mosaic_49_HorizontalFlip_RandomBrightnessContrast_RandomFog.png,diseased
tomato_mosaic_52_RandomRotate90_Transpose_Blur_CLAHE_ColorJitter_RandomRain_RandomShadow_RandomFog.png,diseased
tomato_mosaic_6_MotionBlur.png,diseased
tomato_mosaic_7.png,diseased
tomato_mosaic_8_HorizontalFlip_VerticalFlip_HueSaturationValue_MotionBlur_RandomSnow.png,diseased
tomato_mosaic_9.png,diseased
tomato_mosaic_9_HorizontalFlip_VerticalFlip_RandomGamma_GaussNoise_RandomSnow_GridDistortion_ElasticTransform.png,diseased
tomato_septoria_0_VerticalFlip_GridDistortion.png,diseased
tomato_septoria_10_Transpose_CLAHE_RandomSnow_RandomFog.png,diseased
tomato_septoria_11_HorizontalFlip_RandomRotate90_RandomGamma_GaussNoise.png,diseased
tomato_septoria_12.png,diseased
tomato_septoria_14_Transpose_RandomSnow_OpticalDistortion.png,diseased
tomato_septoria_17.png,diseased
tomato_septoria_19_VerticalFlip_GaussNoise_ColorJitter_RandomShadow_GridDistortion.png,diseased
tomato_septoria_20_Transpose_GaussNoise_CLAHE_ColorJitter_RandomRain_OpticalDistortion.png,diseased
tomato_septoria_26.png,diseased
tomato_septoria_27.png,diseased
tomato_septoria_2_HorizontalFlip_ColorJitter_GridDistortion.png,diseased
tomato_septoria_30_Transpose_CLAHE_RandomSnow_RandomFog_GridDistortion.png,diseased
tomato_septoria_33_VerticalFlip_RandomShadow_RandomFog_ElasticTransform.png,diseased
tomato_septoria_36.png,diseased
tomato_septoria_36_Transpose_HueSaturationValue_GaussNoise_MedianBlur_RandomRain_OpticalDistortion.png,diseased
tomato_septoria_38.png,diseased
tomato_septoria_41_VerticalFlip_RandomGamma_GaussNoise_MotionBlur_ColorJitter.png,diseased
tomato_septoria_43.png,diseased
tomato_septoria_48.png,diseased
tomato_septoria_52.png,diseased
tomato_septoria_53.png,diseased
tomato_septoria_53_VerticalFlip_OpticalDistortion.png,diseased
tomato_septoria_56.png,diseased
tomato_septoria_59_HorizontalFlip_ColorJitter_RandomShadow_RandomFog_GridDistortion_ElasticTransform_OpticalDistortion.png,diseased
tomato_septoria_62_HorizontalFlip_RGBShift_CLAHE_GridDistortion_OpticalDistortion.png,diseased
tomato_septoria_63.png,diseased
tomato_septoria_63_RandomBrightnessContrast.png,diseased
tomato_septoria_64.png,diseased
tomato_septoria_65.png,diseased
tomato_septoria_69.png,diseased
tomato_spider_11.png,diseased
tomato_spider_12_RGBShift_GaussNoise_MotionBlur_CLAHE_ColorJitter_RandomRain_RandomShadow_GridDistortion.png,diseased
tomato_spider_15.png,diseased
tomato_spider_15_HorizontalFlip_HueSaturationValue.png,diseased
tomato_spider_19.png,diseased
tomato_spider_23.png,diseased
tomato_spider_26_Original.png,diseased
tomato_spider_27.png,diseased
tomato_spider_32.png,diseased
tomato_spider_33.png,diseased
tomato_spider_35_RandomRotate90_HueSaturationValue_Blur_ColorJitter_RandomRain.png,diseased
tomato_spider_36.png,diseased
tomato_spider_38_Transpose_HueSaturationValue_GaussNoise_RandomShadow.png,diseased
tomato_spider_39_Transpose_RandomBrightnessContrast_GridDistortion_OpticalDistortion.png,diseased
tomato_spider_41_Transpose_RandomBrightnessContrast_HueSaturationValue_CLAHE_ColorJitter_RandomSnow_ElasticTransform_OpticalDistortion.png,diseased
tomato_spider_43.png,diseased
tomato_spider_43_RandomRotate90_GaussNoise_MotionBlur_ElasticTransform.png,diseased
tomato_spider_45_VerticalFlip_RandomRotate90_RandomBrightnessContrast_RandomGamma_MotionBlur_MedianBlur_RandomShadow_ElasticTransform_OpticalDistortion.png,diseased
tomato_spider_46.png,diseased
tomato_spider_47_HorizontalFlip_HueSaturationValue_RandomGamma_GaussNoise_Blur_RandomRain.png,diseased
tomato_spider_4_Transpose_RandomBrightnessContrast_ColorJitter_RandomRain_RandomFog_GridDistortion.png,diseased
tomato_spider_5.png,diseased
tomato_spider_51_RandomRotate90_Transpose_RandomBrightnessContrast_CLAHE.png,diseased
tomato_spider_52.png,diseased
tomato_spider_58.png,diseased
tomato_spider_6.png,diseased
tomato_spider_61_RandomBrightnessContrast_RGBShift_GaussNoise_CLAHE_RandomRain_OpticalDistortion.png,diseased
tomato_spider_62_VerticalFlip_RandomGamma_CLAHE_RandomFog_GridDistortion.png,diseased
tomato_spider_8.png,diseased
tomato_spider_9_HueSaturationValue_CLAHE.png,diseased
tomato_target_1.png,diseased
tomato_target_14.png,diseased
tomato_target_14_RandomBrightnessContrast_RandomFog.png,diseased
tomato_target_16.png,diseased
tomato_target_17_VerticalFlip_RandomGamma_MotionBlur_RandomRain_RandomSnow_RandomShadow.png,diseased
tomato_target_19_HorizontalFlip_MotionBlur_Blur.png,diseased
tomato_target_1_RandomBrightnessContrast_RandomGamma_GaussNoise_CLAHE_RandomRain_OpticalDistortion.png,diseased
tomato_target_2.png,diseased
tomato_target_20.png,diseased
tomato_target_21.png,diseased
tomato_target_22_RandomRotate90_RandomShadow_RandomFog.png,diseased
tomato_target_29_CLAHE_ColorJitter_RandomShadow_ElasticTransform.png,diseased
tomato_target_34.png,diseased
tomato_target_35.png,diseased
tomato_target_36.png,diseased
tomato_target_37_RandomBrightnessContrast_HueSaturationValue_Blur_RandomRain_RandomFog.png,diseased
tomato_target_38_VerticalFlip_RandomGamma_CLAHE_RandomRain_RandomSnow_OpticalDistortion.png,diseased
tomato_target_39_RGBShift_GaussNoise_MotionBlur_CLAHE_RandomSnow.png,diseased
tomato_target_3_RandomRotate90_Transpose_HueSaturationValue.png,diseased
tomato_target_40.png,diseased
tomato_target_43.png,diseased
tomato_target_48_HorizontalFlip_HueSaturationValue_RGBShift_CLAHE_RandomFog.png,diseased
tomato_target_5.png,diseased
tomato_target_50_VerticalFlip_Transpose_HueSaturationValue_RandomFog.png,diseased
tomato_target_53.png,diseased
tomato_target_56_Transpose_RandomBrightnessContrast_RandomGamma_GaussNoise_Blur_RandomSnow_RandomFog_OpticalDistortion.png,diseased
tomato_target_57.png,diseased
tomato_target_59_HorizontalFlip_VerticalFlip_RandomRain_GridDistortion_OpticalDistortion.png,diseased
tomato_target_60_HorizontalFlip_MedianBlur_RandomShadow_RandomFog_GridDistortion_OpticalDistortion.png,diseased
tomato_target_61.png,diseased
